numeric;alpha-3;alpha-2;"Stát"
004;AFG;AF;"Afghánistán"
248;ALA;AX;"Ålandy"
008;ALB;AL;"Albánie"
012;DZA;DZ;"Alžírsko"
016;ASM;AS;"Americká Samoa"
850;VIR;VI;"Americké Panenské ostrovy"
020;AND;AD;"Andorra"
024;AGO;AO;"Angola"
660;AIA;AI;"Anguilla"
010;ATA;AQ;"Antarktida"
028;ATG;AG;"Antigua a Barbuda"
032;ARG;AR;"Argentina"
051;ARM;AM;"Arménie"
533;ABW;AW;"Aruba"
036;AUS;AU;"Austrálie"
031;AZE;AZ;"Ázerbájdžán"
044;BHS;BS;"Bahamy"
048;BHR;BH;"Bahrajn"
050;BGD;BD;"Bangladéš"
052;BRB;BB;"Barbados"
056;BEL;BE;"Belgie"
084;BLZ;BZ;"Belize"
112;BLR;BY;"Bělorusko"
204;BEN;BJ;"Benin"
060;BMU;BM;"Bermudy"
064;BTN;BT;"Bhútán"
068;BOL;BO;"Bolívie"
535;BES;BQ;"Bonaire, Svatý Eustach a Saba"
070;BIH;BA;"Bosna a Hercegovina"
072;BWA;BW;"Botswana"
074;BVT;BV;"Bouvetův ostrov"
076;BRA;BR;"Brazílie"
086;IOT;IO;"Britské indickooceánské území"
092;VGB;VG;"Britské Panenské ostrovy"
096;BRN;BN;"Brunej"
100;BGR;BG;"Bulharsko"
854;BFA;BF;"Burkina Faso"
108;BDI;BI;"Burundi"
184;COK;CK;"Cookovy ostrovy"
531;CUW;CW;"Curaçao"
148;TCD;TD;"Čad"
499;MNE;ME;"Černá Hora"
203;CZE;CZ;"Česká republika"
156;CHN;CN;"Čína"
208;DNK;DK;"Dánsko"
180;COD;CD;"Demokratická republika Kongo"
212;DMA;DM;"Dominika"
214;DOM;DO;"Dominikánská republika"
262;DJI;DJ;"Džibutsko"
818;EGY;EG;"Egypt"
218;ECU;EC;"Ekvádor"
232;ERI;ER;"Eritrea"
233;EST;EE;"Estonsko"
231;ETH;ET;"Etiopie"
234;FRO;FO;"Faerské ostrovy"
238;FLK;FK;"Falklandy (Malvíny)"
242;FJI;FJ;"Fidži"
608;PHL;PH;"Filipíny"
246;FIN;FI;"Finsko"
250;FRA;FR;"Francie"
254;GUF;GF;"Francouzská Guyana"
260;ATF;TF;"Francouzská jižní a antarktická území"
258;PYF;PF;"Francouzská Polynésie"
266;GAB;GA;"Gabon"
270;GMB;GM;"Gambie"
288;GHA;GH;"Ghana"
292;GIB;GI;"Gibraltar"
308;GRD;GD;"Grenada"
304;GRL;GL;"Grónsko"
268;GEO;GE;"Gruzie"
312;GLP;GP;"Guadeloupe"
316;GUM;GU;"Guam"
320;GTM;GT;"Guatemala"
324;GIN;GN;"Guinea"
624;GNB;GW;"Guinea-Bissau"
831;GGY;GG;"Guernsey"
328;GUY;GY;"Guyana"
332;HTI;HT;"Haiti"
334;HMD;HM;"Heardův ostrov a McDonaldovy ostrovy"
340;HND;HN;"Honduras"
344;HKG;HK;"Hongkong"
152;CHL;CL;"Chile"
191;HRV;HR;"Chorvatsko"
356;IND;IN;"Indie"
360;IDN;ID;"Indonésie"
368;IRQ;IQ;"Irák"
364;IRN;IR;"Írán"
372;IRL;IE;"Irsko"
352;ISL;IS;"Island"
380;ITA;IT;"Itálie"
376;ISR;IL;"Izrael"
388;JAM;JM;"Jamajka"
392;JPN;JP;"Japonsko"
887;YEM;YE;"Jemen"
832;JEY;JE;"Jersey"
710;ZAF;ZA;"Jihoafrická republika"
239;SGS;GS;"Jižní Georgie a Jižní Sandwichovy ostrovy"
410;KOR;KR;"Jižní Korea"
728;SSD;SS;"Jižní Súdán"
400;JOR;JO;"Jordánsko"
136;CYM;KY;"Kajmanské ostrovy"
116;KHM;KH;"Kambodža"
120;CMR;CM;"Kamerun"
124;CAN;CA;"Kanada"
132;CPV;CV;"Kapverdy"
634;QAT;QA;"Katar"
398;KAZ;KZ;"Kazachstán"
404;KEN;KE;"Keňa"
296;KIR;KI;"Kiribati"
166;CCK;CC;"Kokosové ostrovy"
170;COL;CO;"Kolumbie"
174;COM;KM;"Komory"
178;COG;CG;"Kongo"
188;CRI;CR;"Kostarika"
192;CUB;CU;"Kuba"
414;KWT;KW;"Kuvajt"
196;CYP;CY;"Kypr"
417;KGZ;KG;"Kyrgyzstán"
418;LAO;LA;"Laos"
426;LSO;LS;"Lesotho"
422;LBN;LB;"Libanon"
430;LBR;LR;"Libérie"
434;LBY;LY;"Libye"
438;LIE;LI;"Lichtenštejnsko"
440;LTU;LT;"Litva"
428;LVA;LV;"Lotyšsko"
442;LUX;LU;"Lucembursko"
446;MAC;MO;"Macao"
450;MDG;MG;"Madagaskar"
348;HUN;HU;"Maďarsko"
807;MKD;MK;"Makedonie"
458;MYS;MY;"Malajsie"
454;MWI;MW;"Malawi"
462;MDV;MV;"Maledivy"
466;MLI;ML;"Mali"
470;MLT;MT;"Malta"
833;IMN;IM;"Ostrov Man"
504;MAR;MA;"Maroko"
584;MHL;MH;"Marshallovy ostrovy"
474;MTQ;MQ;"Martinik"
480;MUS;MU;"Mauricius"
478;MRT;MR;"Mauritánie"
175;MYT;YT;"Mayotte"
581;UMI;UM;"Menší odlehlé ostrovy USA"
484;MEX;MX;"Mexiko"
583;FSM;FM;"Mikronésie"
498;MDA;MD;"Moldavsko"
492;MCO;MC;"Monako"
496;MNG;MN;"Mongolsko"
500;MSR;MS;"Montserrat"
508;MOZ;MZ;"Mosambik"
104;MMR;MM;"Myanmar"
516;NAM;NA;"Namibie"
520;NRU;NR;"Nauru"
276;DEU;DE;"Německo"
524;NPL;NP;"Nepál"
562;NER;NE;"Niger"
566;NGA;NG;"Nigérie"
558;NIC;NI;"Nikaragua"
570;NIU;NU;"Niue"
528;NLD;NL;"Nizozemsko"
574;NFK;NF;"Norfolk"
578;NOR;NO;"Norsko"
540;NCL;NC;"Nová Kaledonie"
554;NZL;NZ;"Nový Zéland"
512;OMN;OM;"Omán"
586;PAK;PK;"Pákistán"
585;PLW;PW;"Palau"
275;PSE;PS;"Palestinská autonomie"
591;PAN;PA;"Panama"
598;PNG;PG;"Papua-Nová Guinea"
600;PRY;PY;"Paraguay"
604;PER;PE;"Peru"
612;PCN;PN;"Pitcairnovy ostrovy"
384;CIV;CI;"Pobřeží slonoviny"
616;POL;PL;"Polsko"
630;PRI;PR;"Portoriko"
620;PRT;PT;"Portugalsko"
040;AUT;AT;"Rakousko"
638;REU;RE;"Réunion"
226;GNQ;GQ;"Rovníková Guinea"
642;ROU;RO;"Rumunsko"
643;RUS;RU;"Rusko"
646;RWA;RW;"Rwanda"
300;GRC;GR;"Řecko"
666;SPM;PM;"Saint-Pierre a Miquelon"
222;SLV;SV;"Salvador"
882;WSM;WS;"Samoa"
674;SMR;SM;"San Marino"
682;SAU;SA;"Saúdská Arábie"
686;SEN;SN;"Senegal"
408;PRK;KP;"Severní Korea"
580;MNP;MP;"Severní Mariany"
690;SYC;SC;"Seychely"
694;SLE;SL;"Sierra Leone"
702;SGP;SG;"Singapur"
703;SVK;SK;"Slovensko"
705;SVN;SI;"Slovinsko"
706;SOM;SO;"Somálsko"
784;ARE;AE;"Spojené arabské emiráty"
826;GBR;GB;"Spojené království"
840;USA;US;"Spojené státy americké"
688;SRB;RS;"Srbsko"
140;CAF;CF;"Středoafrická republika"
736;SDN;SD;"Súdán"
740;SUR;SR;"Surinam"
654;SHN;SH;"Svatá Helena, Ascension a Tristan da Cunha"
662;LCA;LC;"Svatá Lucie"
652;BLM;BL;"Svatý Bartoloměj"
659;KNA;KN;"Svatý Kryštof a Nevis"
663;MAF;MF;"Svatý Martin (francouzská část)"
534;SXM;SX;"Svatý Martin (nizozemská část)"
678;STP;ST;"Svatý Tomáš a Princův ostrov"
670;VCT;VC;"Svatý Vincenc a Grenadiny"
748;SWZ;SZ;"Svazijsko"
760;SYR;SY;"Sýrie"
090;SLB;SB;"Šalamounovy ostrovy"
724;ESP;ES;"Španělsko"
744;SJM;SJ;"Špicberky a Jan Mayen"
144;LKA;LK;"Šrí Lanka"
752;SWE;SE;"Švédsko"
756;CHE;CH;"Švýcarsko"
762;TJK;TJ;"Tádžikistán"
834;TZA;TZ;"Tanzanie"
764;THA;TH;"Thajsko"
158;TWN;TW;"Tchaj-wan"
768;TGO;TG;"Togo"
772;TKL;TK;"Tokelau"
776;TON;TO;"Tonga"
780;TTO;TT;"Trinidad a Tobago"
788;TUN;TN;"Tunisko"
792;TUR;TR;"Turecko"
795;TKM;TM;"Turkmenistán"
796;TCA;TC;"Turks a Caicos"
798;TUV;TV;"Tuvalu"
800;UGA;UG;"Uganda"
804;UKR;UA;"Ukrajina"
858;URY;UY;"Uruguay"
860;UZB;UZ;"Uzbekistán"
162;CXR;CX;"Vánoční ostrov"
548;VUT;VU;"Vanuatu"
336;VAT;VA;"Vatikán"
862;VEN;VE;"Venezuela"
704;VNM;VN;"Vietnam"
626;TLS;TL;"Východní Timor"
876;WLF;WF;"Wallis a Futuna"
894;ZMB;ZM;"Zambie"
732;ESH;EH;"Západní Sahara"
716;ZWE;ZW;"Zimbabwe"
